INSERT INTO `Users` (`id`, `email`, `password`, `nom`, `prenom`, `sexe`, `date_naissance`, `adresse`, `telephone`, `image_path`, `role`) VALUES
(1, 'student01@insa-cvl.fr', '41928028', 'Kane', 'Joseph', 'F', '2003-03-14', '5758 Katherine Lodge, Robersonton, AK 82476', '3821828971', 'student01.png', 'Student'),
(2, 'student02@insa-cvl.fr', '86139741', 'Gomez', 'Omar', 'M', '2003-09-21', '159 Phillip Knoll Apt. 513, Perkinshaven, NY 72588', '252-281-4621', 'student02.png', 'Student'),
(3, 'student03@insa-cvl.fr', '38971355', 'Clark', 'Lisa', 'F', '2003-09-23', '9301 Anthony Tunnel, Scottmouth, NE 01317', '499-486-7590x0358', 'student03.png', 'Student'),
(4, 'student04@insa-cvl.fr', '49837016', 'West', 'Brett', 'F', '2003-02-23', '7124 Faith Prairie Suite 533, Eugeneburgh, CA 10043', '(513)525-6200x010', 'student04.png', 'Student'),
(5, 'student05@insa-cvl.fr', '33345253', 'Smith', 'Catherine', 'M', '2003-12-18', '6916 Nichols Village, Guzmanburgh, IN 84119', '559.730.2696', 'student05.png', 'Student'),
(6, 'student06@insa-cvl.fr', '83138374', 'Walsh', 'Sonia', 'F', '2003-06-18', '81998 Tim Mountains Suite 597, Anthonyberg, TN 91865', '001-800-929-1262', 'student06.png', 'Student'),
(7, 'student07@insa-cvl.fr', '55534937', 'Todd', 'Megan', 'M', '2003-12-19', 'PSC 7496, Box 9557, APO AE 12597', '(614)150-2062x7045', 'student07.png', 'Student'),
(8, 'student08@insa-cvl.fr', '76592475', 'Christensen', 'Lisa', 'M', '2003-10-16', '890 Butler Tunnel, West Carlafort, MD 78446', '(465)813-1292', 'student08.png', 'Student'),
(9, 'student09@insa-cvl.fr', '43321292', 'Hunt', 'Ashley', 'F', '2003-02-23', '189 Janet Corners, South Raymondmouth, GA 16155', '307-701-8068x15993', 'student09.png', 'Student'),
(10, 'student10@insa-cvl.fr', '71870973', 'Reyes', 'Jessica', 'M', '2003-01-26', '6047 Mcpherson Corners, Harrismouth, NM 23770', '(384)323-7582x79780', 'student10.png', 'Student'),
(11, 'student11@insa-cvl.fr', '40416843', 'Campbell', 'Adam', 'M', '2003-11-03', '31739 Rodriguez Camp, Amandaport, NJ 35229', '001-149-617-0632x968', 'student11.png', 'Student'),
(12, 'student12@insa-cvl.fr', '85111090', 'Taylor', 'Jeffery', 'F', '2003-07-19', '4795 Sawyer Hollow, Murphyport, RI 23153', '001-037-191-9981x910', 'student12.png', 'Student'),
(13, 'student13@insa-cvl.fr', '96779155', 'Cherry', 'Cody', 'F', '2003-08-22', '5745 Guerra Manors Apt. 517, Cynthiafurt, UT 05372', '(378)233-6302x36524', 'student13.png', 'Student'),
(14, 'student14@insa-cvl.fr', '35871896', 'Hernandez', 'Corey', 'F', '2003-04-13', '41701 Gonzales Squares, Lake Tyler, CT 25771', '858-278-9835x3401', 'student14.png', 'Student'),
(15, 'student15@insa-cvl.fr', '19891316', 'Cunningham', 'April', 'M', '2003-08-02', '9957 Cain Run, Hayeschester, FL 81955', '8949247627', 'student15.png', 'Student'),
(16, 'student16@insa-cvl.fr', '26311954', 'Norris', 'Johnathan', 'F', '2003-01-01', 'USNS Archer, FPO AE 07811', '771-589-4034x72202', 'student16.png', 'Student'),
(17, 'student17@insa-cvl.fr', '61075497', 'Reeves', 'Robert', 'F', '2003-07-27', '3605 Stephen Overpass, East Robert, PA 22652', '215-878-4340x96819', 'student17.png', 'Student'),
(18, 'student18@insa-cvl.fr', '37847956', 'Munoz', 'Robin', 'F', '2003-03-17', '068 Garcia Fields Apt. 370, Port Michael, DE 69489', '+1-357-746-3702x57072', 'student18.png', 'Student'),
(19, 'student19@insa-cvl.fr', '71565425', 'Castillo', 'Alexandra', 'F', '2003-07-10', 'PSC 1004, Box 3330, APO AA 31195', '(718)312-2396', 'student19.png', 'Student'),
(20, 'student20@insa-cvl.fr', '64290711', 'Johnson', 'Joshua', 'F', '2003-08-10', '516 Colton Ports Suite 637, North Gerald, MO 79110', '422.718.6239', 'student20.png', 'Student'),
(21, 'student21@insa-cvl.fr', '65402245', 'Anderson', 'Wendy', 'M', '2003-06-15', '5619 Lewis Circle Suite 537, Brittneymouth, OK 01784', '823.903.1212', 'student21.png', 'Student'),
(22, 'student22@insa-cvl.fr', '65799413', 'Castro', 'Christopher', 'F', '2003-12-01', '4950 Tiffany Shore, West Melissaberg, MD 35418', '345.079.8670x3657', 'student22.png', 'Student'),
(23, 'student23@insa-cvl.fr', '75478575', 'Rivera', 'Ashley', 'M', '2003-10-10', '6290 Brandon Underpass Suite 987, Castillostad, SC 70946', '001-211-157-7339x953', 'student23.png', 'Student'),
(24, 'student24@insa-cvl.fr', '24943222', 'Smith', 'Gary', 'M', '2003-03-17', '7241 Colin Avenue Apt. 469, East Erica, AL 89151', '(042)362-2348x8856', 'student24.png', 'Student'),
(25, 'student25@insa-cvl.fr', '13697941', 'Jimenez', 'Tonya', 'M', '2003-03-27', '194 Nicole Neck, Christopherside, OR 62511', '772.846.9867', 'student25.png', 'Student'),
(26, 'student26@insa-cvl.fr', '44464727', 'Waters', 'Gregory', 'F', '2003-11-19', '090 Denise Inlet, New Austinchester, OH 50299', '(929)597-9498x8245', 'student26.png', 'Student'),
(27, 'student27@insa-cvl.fr', '35172201', 'Hoover', 'Melissa', 'M', '2003-06-15', '8089 Jennings Field, Port Camerontown, OK 51858', '524-340-0785', 'student27.png', 'Student'),
(28, 'student28@insa-cvl.fr', '72737312', 'Brown', 'Frank', 'F', '2003-08-01', '281 Mark Land, Scottstad, FL 80776', '758.671.1494x21893', 'student28.png', 'Student'),
(29, 'student29@insa-cvl.fr', '36636339', 'Williams', 'Robert', 'F', '2003-07-19', '801 Timothy Tunnel Apt. 618, Loweryhaven, IL 08908', '350-415-9771', 'student29.png', 'Student'),
(30, 'student30@insa-cvl.fr', '94574886', 'Hall', 'Stanley', 'F', '2003-09-03', '341 Pierce Junctions, Port Ericburgh, VA 39256', '767-745-4653x5245', 'student30.png', 'Student'),
(31, 'student31@insa-cvl.fr', '32742369', 'Barnes', 'James', 'M', '2003-01-22', '88113 Lee Islands, Jackside, IL 09399', '039-283-3176', 'student31.png', 'Student'),
(32, 'student32@insa-cvl.fr', '28433213', 'Hodge', 'Tracy', 'M', '2003-07-24', '5560 Shaw Trail, North Lindsayton, NJ 99132', '430.553.3412', 'student32.png', 'Student'),
(33, 'student33@insa-cvl.fr', '88026472', 'Lopez', 'Sonia', 'M', '2003-09-14', '96622 Kathryn Roads Apt. 966, Jennifershire, TN 14692', '001-261-652-2081', 'student33.png', 'Student'),
(34, 'student34@insa-cvl.fr', '31655184', 'Bryant', 'Tonya', 'F', '2003-04-10', '2969 Catherine Ranch Apt. 794, North Michael, NV 64085', '760.669.1125x334', 'student34.png', 'Student'),
(35, 'student35@insa-cvl.fr', '65263786', 'Dalton', 'Alexandra', 'M', '2003-03-13', 'USNV Bowers, FPO AA 49461', '9928620834', 'student35.png', 'Student'),
(36, 'student36@insa-cvl.fr', '76744292', 'Keller', 'Nicholas', 'M', '2003-01-09', '35981 Michelle Circle Suite 366, North Kellyshire, DE 14945', '4509492182', 'student36.png', 'Student'),
(37, 'student37@insa-cvl.fr', '49398570', 'Allen', 'Ashley', 'M', '2003-04-21', '5234 Todd Drives, East Pamela, AL 43734', '001-335-700-5249', 'student37.png', 'Student'),
(38, 'student38@insa-cvl.fr', '40790030', 'Grant', 'Henry', 'M', '2003-06-06', '6146 Abbott Gardens, Port Ronaldstad, NV 86298', '001-450-693-9531x503', 'student38.png', 'Student'),
(39, 'student39@insa-cvl.fr', '46909244', 'Welch', 'Matthew', 'M', '2003-09-25', '652 Anthony Parkways, East Matthewport, NE 05014', '(099)903-6805', 'student39.png', 'Student'),
(40, 'student40@insa-cvl.fr', '46893344', 'Cantu', 'William', 'F', '2003-05-10', '672 Anderson Coves, South Veronicashire, SC 92305', '+1-061-521-1711x312', 'student40.png', 'Student'),
(41, 'student41@insa-cvl.fr', '80869041', 'Randall', 'Sarah', 'M', '2003-09-25', '0191 Suzanne Locks Apt. 841, New Elizabethville, IA 71942', '(233)333-7556x32966', 'student41.png', 'Student'),
(42, 'student42@insa-cvl.fr', '96747137', 'Reed', 'Aaron', 'F', '2003-07-04', '2880 Henderson Port, Scotttown, NM 01338', '+1-687-273-5169x250', 'student42.png', 'Student'),
(43, 'student43@insa-cvl.fr', '12681067', 'Reyes', 'Susan', 'F', '2003-12-06', '8348 Chapman Stream, West Heathermouth, CA 48270', '+1-549-182-6573', 'student43.png', 'Student'),
(44, 'student44@insa-cvl.fr', '44798727', 'Bell', 'Sean', 'M', '2003-02-26', '208 Kathleen Bypass Suite 336, West Matthew, IA 33160', '(275)260-6629x387', 'student44.png', 'Student'),
(45, 'student45@insa-cvl.fr', '91321973', 'Hernandez', 'Angie', 'M', '2003-06-06', '3245 Raymond Plaza Apt. 699, Chadberg, CO 55888', '001-757-084-2641x7132', 'student45.png', 'Student'),
(46, 'student46@insa-cvl.fr', '53207442', 'Benjamin', 'Anthony', 'F', '2003-03-19', '058 Williams Roads Suite 094, South Thomas, FL 59256', '424.181.3277', 'student46.png', 'Student'),
(47, 'student47@insa-cvl.fr', '81751142', 'Hicks', 'David', 'F', '2003-07-25', '956 Schmidt Dam, Jenkinsmouth, WA 85125', '001-411-002-5122', 'student47.png', 'Student'),
(48, 'student48@insa-cvl.fr', '96334607', 'Wiley', 'Todd', 'M', '2003-09-11', '596 Jones Oval, East Kylefort, NV 73984', '+1-836-318-9291x8007', 'student48.png', 'Student'),
(49, 'student49@insa-cvl.fr', '12660034', 'Miranda', 'Kevin', 'M', '2003-08-02', '937 John Camp, Williamshaven, MT 24965', '6804387828', 'student49.png', 'Student'),
(50, 'student50@insa-cvl.fr', '42614281', 'Turner', 'James', 'F', '2003-09-12', '681 Joseph Port Apt. 574, North Davidhaven, WI 18128', '001-001-332-2408x639', 'student50.png', 'Student'),
(51, 'student51@insa-cvl.fr', '67656495', 'Duncan', 'Joseph', 'M', '2003-12-12', '25779 Toni Views Apt. 959, West Eric, WV 68353', '738-672-4713', 'student51.png', 'Student'),
(52, 'student52@insa-cvl.fr', '15761122', 'Gordon', 'Richard', 'M', '2003-09-12', '6942 White Station Apt. 032, Scottberg, NV 05333', '001-149-353-5472x663', 'student52.png', 'Student'),
(53, 'student53@insa-cvl.fr', '86010611', 'Garcia', 'Michelle', 'M', '2003-06-08', '098 Geoffrey Crescent Apt. 902, Coopershire, OR 85479', '+1-958-592-0707x28011', 'student53.png', 'Student'),
(54, 'student54@insa-cvl.fr', '54982711', 'Bell', 'Donald', 'M', '2003-01-17', 'Unit 8391 Box 2173, DPO AP 37843', '514-353-5664x3974', 'student54.png', 'Student'),
(55, 'student55@insa-cvl.fr', '63070273', 'Pineda', 'Melanie', 'F', '2003-08-28', '9598 Huff Glen Apt. 472, Guerreroton, UT 57593', '(165)545-3880x891', 'student55.png', 'Student'),
(56, 'student56@insa-cvl.fr', '33468436', 'Jones', 'Travis', 'F', '2003-07-17', '5514 Hill Village Suite 746, Nathanland, ID 24674', '+1-673-251-8120', 'student56.png', 'Student'),
(57, 'student57@insa-cvl.fr', '32522909', 'Sandoval', 'Jennifer', 'M', '2003-01-12', '34707 Jason Ranch Suite 770, Millerburgh, VA 92735', '+1-089-149-2929', 'student57.png', 'Student'),
(58, 'student58@insa-cvl.fr', '19506584', 'Steele', 'Jane', 'F', '2003-09-25', '420 Stephen Well Suite 259, Robinsonland, OH 50622', '(720)387-8145x50836', 'student58.png', 'Student'),
(59, 'student59@insa-cvl.fr', '66517290', 'Hartman', 'Robert', 'M', '2003-10-25', '772 Sparks Curve Suite 292, Jacquelinemouth, NC 91873', '1483470448', 'student59.png', 'Student'),
(60, 'student60@insa-cvl.fr', '69530413', 'Jones', 'Derek', 'F', '2003-08-01', '8357 Moody Spring, Stewartmouth, IN 38679', '+1-225-206-3390x0321', 'student60.png', 'Student'),
(61, 'student61@insa-cvl.fr', '25815148', 'Tucker', 'Tracy', 'M', '2003-10-25', '474 Scott Knoll Apt. 237, Lake Charlesview, CO 39128', '+1-364-461-8438x5162', 'student61.png', 'Student'),
(62, 'student62@insa-cvl.fr', '55161816', 'Gutierrez', 'Maria', 'F', '2003-02-22', '50953 Scott Roads Suite 286, West Alisonview, IL 85920', '+1-913-635-5652x652', 'student62.png', 'Student'),
(63, 'student63@insa-cvl.fr', '31245743', 'Stevens', 'Kimberly', 'F', '2003-04-04', '29028 Morales Creek Suite 877, Port Renee, KS 87952', '522.876.3096x07173', 'student63.png', 'Student'),
(64, 'student64@insa-cvl.fr', '56098119', 'Burns', 'Christopher', 'M', '2003-06-05', '256 Christopher Valleys, Romanborough, WY 48957', '(754)841-1462x628', 'student64.png', 'Student'),
(65, 'student65@insa-cvl.fr', '42656747', 'Carson', 'Sabrina', 'F', '2003-11-20', '884 Karen Lock, Port Geraldville, OR 37475', '956-467-2609x0771', 'student65.png', 'Student');

INSERT INTO `Students` (`stu_id`, `departement`, `promo`, `group_td`, `group_tp`, `group_anglais`) VALUES
(1, 'STI', '3A', 'TD1', 'TP2', 'Anglais3'),
(2, 'GSI', '2A', 'TD3', 'TP3', 'Anglais4'),
(3, 'STI', '1A', 'TD2', 'TP1', 'Anglais2'),
(4, 'GSI', '5A', 'TD1', 'TP3', 'Anglais6'),
(5, 'MRI', '4A', 'TD1', 'TP3', 'Anglais2'),
(6, 'STI', '3A', 'TD1', 'TP2', 'Anglais5'),
(7, 'MRI', '3A', 'TD2', 'TP2', 'Anglais4'),
(8, 'MRI', '2A', 'TD1', 'TP3', 'Anglais2'),
(9, 'MRI', '5A', 'TD2', 'TP3', 'Anglais1'),
(10, 'GSI', '2A', 'TD2', 'TP1', 'Anglais2'),
(11, 'MRI', '4A', 'TD1', 'TP1', 'Anglais1'),
(12, 'STI', '4A', 'TD2', 'TP3', 'Anglais2'),
(13, 'STI', '4A', 'TD1', 'TP1', 'Anglais5'),
(14, 'GSI', '5A', 'TD3', 'TP1', 'Anglais2'),
(15, 'MRI', '1A', 'TD2', 'TP1', 'Anglais5'),
(16, 'MRI', '3A', 'TD1', 'TP2', 'Anglais5'),
(17, 'STI', '3A', 'TD1', 'TP3', 'Anglais1'),
(18, 'GSI', '3A', 'TD1', 'TP1', 'Anglais5'),
(19, 'MRI', '1A', 'TD3', 'TP1', 'Anglais5'),
(20, 'MRI', '3A', 'TD1', 'TP3', 'Anglais3'),
(21, 'GSI', '2A', 'TD2', 'TP1', 'Anglais4'),
(22, 'GSI', '2A', 'TD3', 'TP1', 'Anglais6'),
(23, 'MRI', '1A', 'TD2', 'TP3', 'Anglais1'),
(24, 'STI', '2A', 'TD1', 'TP3', 'Anglais3'),
(25, 'MRI', '5A', 'TD2', 'TP3', 'Anglais6'),
(26, 'GSI', '5A', 'TD2', 'TP1', 'Anglais3'),
(27, 'GSI', '5A', 'TD3', 'TP1', 'Anglais1'),
(28, 'STI', '4A', 'TD2', 'TP3', 'Anglais3'),
(29, 'GSI', '5A', 'TD3', 'TP3', 'Anglais5'),
(30, 'MRI', '1A', 'TD1', 'TP1', 'Anglais6'),
(31, 'GSI', '2A', 'TD2', 'TP2', 'Anglais5'),
(32, 'GSI', '3A', 'TD3', 'TP1', 'Anglais1'),
(33, 'STI', '2A', 'TD2', 'TP1', 'Anglais1'),
(34, 'MRI', '1A', 'TD3', 'TP2', 'Anglais6'),
(35, 'MRI', '3A', 'TD2', 'TP3', 'Anglais3'),
(36, 'STI', '4A', 'TD1', 'TP1', 'Anglais1'),
(37, 'STI', '5A', 'TD2', 'TP2', 'Anglais2'),
(38, 'STI', '1A', 'TD2', 'TP3', 'Anglais1'),
(39, 'STI', '3A', 'TD1', 'TP2', 'Anglais3'),
(40, 'MRI', '4A', 'TD1', 'TP2', 'Anglais3'),
(41, 'STI', '4A', 'TD1', 'TP2', 'Anglais6'),
(42, 'GSI', '2A', 'TD1', 'TP2', 'Anglais5'),
(43, 'STI', '2A', 'TD1', 'TP1', 'Anglais2'),
(44, 'MRI', '4A', 'TD3', 'TP1', 'Anglais2'),
(45, 'GSI', '3A', 'TD3', 'TP1', 'Anglais4'),
(46, 'MRI', '1A', 'TD2', 'TP3', 'Anglais3'),
(47, 'STI', '2A', 'TD2', 'TP2', 'Anglais6'),
(48, 'MRI', '4A', 'TD2', 'TP1', 'Anglais2'),
(49, 'GSI', '5A', 'TD1', 'TP3', 'Anglais1'),
(50, 'GSI', '2A', 'TD1', 'TP2', 'Anglais4'),
(51, 'MRI', '5A', 'TD2', 'TP3', 'Anglais3'),
(52, 'STI', '3A', 'TD3', 'TP1', 'Anglais3'),
(53, 'GSI', '1A', 'TD1', 'TP1', 'Anglais3'),
(54, 'STI', '2A', 'TD2', 'TP1', 'Anglais2'),
(55, 'STI', '5A', 'TD1', 'TP2', 'Anglais1'),
(56, 'MRI', '1A', 'TD2', 'TP2', 'Anglais2'),
(57, 'MRI', '1A', 'TD2', 'TP2', 'Anglais1'),
(58, 'MRI', '1A', 'TD2', 'TP2', 'Anglais2'),
(59, 'MRI', '3A', 'TD1', 'TP1', 'Anglais1'),
(60, 'MRI', '4A', 'TD1', 'TP1', 'Anglais5'),
(61, 'GSI', '5A', 'TD2', 'TP1', 'Anglais3'),
(62, 'GSI', '2A', 'TD2', 'TP2', 'Anglais3'),
(63, 'GSI', '2A', 'TD3', 'TP3', 'Anglais5'),
(64, 'STI', '2A', 'TD2', 'TP3', 'Anglais6'),
(65, 'GSI', '3A', 'TD2', 'TP2', 'Anglais6');


-- Insert Users for 25 professors

INSERT INTO Users (id, email, password, nom, prenom, sexe, date_naissance, adresse, telephone, image_path, role) VALUES 
('100', 'jeremy.briffaut@insa-cvl.fr', '12345678', 'Briffaut', 'Jeremy', 'M', '1985-02-10', '123 Rue de Université, Tours', '0123456789', 'jeremy.jpg', 'Professor'),
('101', 'vincent.hugot@insa-cvl.fr', '23456789', 'Hugot', 'Vincent', 'M', '1983-03-15', '456 Avenue des Sciences, Tours', '0123456790', 'vincent.jpg', 'Professor'),
('102', 'pascal.berthome@insa-cvl.fr', '34567890', 'Berthome', 'Pascal', 'M', '1978-07-25', '789 Boulevard des Écoles, Tours', '0123456791', 'pascal.jpg', 'Professor'),
('103', 'cedric.eichler@insa-cvl.fr', '45678901', 'Eichler', 'Cedric', 'M', '1980-11-12', '234 Rue des Facultés, Tours', '0123456792', 'cedric.jpg', 'Professor'),
('104', 'ahmad.adell@insa-cvl.fr', '56789012', 'Adell', 'Ahmad', 'M', '1990-05-20', '567 Avenue des Étudiants, Tours', '0123456793', 'ahmad.jpg', 'Professor'),
('105', 'helene.laurent@insa-cvl.fr', '67890123', 'Laurent', 'Helene', 'F', '1986-08-30', '890 Rue du Campus, Tours', '0123456794', 'helene.jpg', 'Professor'),
('106', 'benjamin.nguyen@insa-cvl.fr', '78901234', 'Nguyen', 'Benjamin', 'M', '1988-12-22', '1234 Boulevard de la Recherche, Tours', '0123456795', 'benjamin.jpg', 'Professor'),
('107', 'adrien.boiret@insa-cvl.fr', '89012345', 'Boiret', 'Adrien', 'M', '1992-01-09', '5678 Rue du Savoir, Tours', '0123456796', 'adrien.jpg', 'Professor'),
('108', 'emile.ferere@insa-cvl.fr', '90123456', 'Ferere', 'Emile', 'M', '1982-04-14', '2345 Rue des Sciences, Tours', '0123456797', 'emile.jpg', 'Professor'),
('109', 'sara.taki@insa-cvl.fr', '12348765', 'Taki', 'Sara', 'F', '1991-09-28', '6789 Rue du Futur, Tours', '0123456798', 'sara.jpg', 'Professor'),
('110', 'laurent.vaulkan@insa-cvl.fr', '23459876', 'Vaulkan', 'Laurent', 'M', '1979-06-05', '123 Boulevard des Cités, Tours', '0123456799', 'laurent.jpg', 'Professor'),
('111', 'yasmine.hayder@insa-cvl.fr', '34560987', 'Hayder', 'Yasmine', 'F', '1994-01-14', '2345 Avenue de la Ville, Tours', '0123456800', 'yasmine.jpg', 'Professor'),
('112', 'sabine.fritella@insa-cvl.fr', '45671098', 'Fritella', 'Sabine', 'F', '1984-10-02', '678 Rue du Centre, Tours', '0123456801', 'sabine.jpg', 'Professor'),
('113', 'herve.duclos@insa-cvl.fr', '56782109', 'Duclos', 'Herve', 'M', '1987-12-19', '1234 Rue des Étudiants, Tours', '0123456802', 'herve.jpg', 'Professor'),
('114', 'anne-marie.cornec@insa-cvl.fr', '67893210', 'Cornec', 'Anne-Marie', 'F', '1976-04-28', '5678 Boulevard des Universités, Tours', '0123456803', 'anne-marie.jpg', 'Professor'),
('115', 'ariana.grande@insa-cvl.fr', '78904321', 'Grande', 'Ariana', 'F', '1993-06-26', '8901 Rue du Centre Ville, Tours', '0123456804', 'ariana.jpg', 'Professor'),
('116', 'xavier.butel@insa-cvl.fr', '89015432', 'Butel', 'Xavier', 'M', '1981-02-17', '2345 Rue des Bâtiments, Tours', '0123456805', 'xavier.jpg', 'Professor'),
('117', 'charlene.jojon@insa-cvl.fr', '90126543', 'Jojon', 'Charlene', 'F', '1990-11-12', '6789 Rue du Parc, Tours', '0123456806', 'charlene.jpg', 'Professor'),
('118', 'vincent.maki@insa-cvl.fr', '12347654', 'Maki', 'Vincent', 'M', '1980-01-30', '123 Rue de la Recherche, Tours', '0123456807', 'vincent_maki.jpg', 'Professor'),
('119', 'lucas.durand@insa-cvl.fr', '23456789', 'Durand', 'Lucas', 'M', '1985-04-18', '123 Rue des Jardins, Tours', '0123456808', 'lucas.jpg', 'Professor'),
('120', 'marie.vanhoenacker@insa-cvl.fr', '34567890', 'Vanhoenacker', 'Marie', 'F', '1989-07-02', '456 Rue du Soleil, Tours', '0123456809', 'marie.jpg', 'Professor'),
('121', 'hugo.martinez@insa-cvl.fr', '45678901', 'Martinez', 'Hugo', 'M', '1990-10-22', '789 Rue de la Lune, Tours', '0123456810', 'hugo.jpg', 'Professor'),
('122', 'claire.dupont@insa-cvl.fr', '56789012', 'Dupont', 'Claire', 'F', '1988-05-09', '2345 Boulevard des Champs, Tours', '0123456811', 'claire.jpg', 'Professor'),
('123', 'maxime.lefebvre@insa-cvl.fr', '67890123', 'Lefebvre', 'Maxime', 'M', '1983-12-14', '5678 Avenue du Marché, Tours', '0123456812', 'maxime.jpg', 'Professor'),
('124', 'sophie.richard@insa-cvl.fr', '78901234', 'Richard', 'Sophie', 'F', '1982-02-10', '1234 Rue des Lilas, Tours', '0123456813', 'sophie.jpg', 'Professor'),
('125', 'matthieu.meyer@insa-cvl.fr', '89012345', 'Meyer', 'Matthieu', 'M', '1986-07-15', '5678 Boulevard des Rivières, Tours', '0123456814', 'matthieu.jpg', 'Professor'),
('126', 'laura.benoit@insa-cvl.fr', '90123456', 'Benoit', 'Laura', 'F', '1991-03-19', '1234 Rue du Cœur, Tours', '0123456815', 'laura.jpg', 'Professor'),
('127', 'nicolas.clement@insa-cvl.fr', '12348765', 'Clement', 'Nicolas', 'M', '1987-11-25', '5678 Avenue de la Mer, Tours', '0123456816', 'nicolas.jpg', 'Professor'),
('128', 'julia.martin@insa-cvl.fr', '23459876', 'Martin', 'Julia', 'F', '1992-06-30', '123 Rue du Marais, Tours', '0123456817', 'julia.jpg', 'Professor');

-- Insert into Professeurs table for the respective departments

INSERT INTO Professeurs (prof_id, departement) VALUES 
(100, 'STI'),
(101, 'STI'),
(102, 'STI'),
(103, 'STI'),
(104, 'STI'),
(105, 'STI'),
(106, 'STI'),
(107, 'STI'),
(108, 'STI'),
(109, 'STI'),
(110, 'STI'),
(111, 'STI'),
(112, 'STI'),
(113, 'STI'),
(114, 'STI'),
(115, 'STI'),
(116, 'STI'),
(117, 'STI'),
(118, 'MRI'),
(119, 'GSI'),
(120, 'GSI'),
(121, 'MRI'),
(122, 'GSI'),
(123, 'GSI'),
(124, 'MRI'),
(125, 'GSI'),
(126, 'MRI'),
(127, 'GSI'),
(128, 'GSI');

-- Insert 40 different subjects into Matiere table without French accents
INSERT INTO `Matiere` (`matier_id`, `nom`) VALUES
('1', 'Programmation Python'),
('2', 'Algorithmique Avancee'),
('3', 'Systemes d\'Exploitation'),
('4', 'Reseaux Informatiques'),
('5', 'Bases de Donnees'),
('6', 'Intelligence Artificielle'),
('7', 'Developpement Web'),
('8', 'Architecture des Ordinateurs'),
('9', 'Securite Informatique'),
('10', 'Big Data'),
('11', 'Machine Learning'),
('12', 'Blockchain'),
('13', 'Internet des Objets'),
('14', 'Cloud Computing'),
('15', 'Systemes Distribues'),
('16', 'Programmation Java'),
('17', 'Programmation C++'),
('18', 'Developpement Mobile'),
('19', 'Analyse de Donnees'),
('20', 'Cryptographie'),
('21', 'DevOps'),
('22', 'Test Logiciel'),
('23', 'Interface Utilisateur'),
('24', 'Developpement d\'Applications Reactives'),
('25', 'Virtualisation et Containers'),
('26', 'Administration Systeme'),
('27', 'Gestion de Projet Agile'),
('28', 'Data Mining'),
('29', 'Scripting Python'),
('30', 'Integration Continue'),
('31', 'Developpement d\'API REST'),
('32', 'Gestion de Version (Git)'),
('33', 'Systeme de Gestion de Contenu (CMS)'),
('34', 'Modelisation UML'),
('35', 'Mathematiques pour l\'Informatique'),
('36', 'Programmation Oriente Objet'),
('37', 'Programmation Web Full Stack'),
('38', 'Developpement de Jeux Video'),
('39', 'Reflexion Algorithmique'),
('40', 'Anglais');

-- Assign professors from the STI department to these subjects

INSERT INTO `Classes` (`prof_id`, `matier_id`) VALUES
('100', '1'),  -- Jeremy Briffaut teaches Programmation Python
('101', '2'),  -- Vincent Hugot teaches Algorithmique Avancee
('102', '3'),  -- Pascal Berthome teaches Systemes d'Exploitation
('103', '4'),  -- Cedric Eichler teaches Reseaux Informatiques
('104', '5'),  -- Ahmad Adell teaches Bases de Donnees
('105', '6'),  -- Helene Laurent teaches Intelligence Artificielle
('106', '7'),  -- Benjamin Nguyen teaches Developpement Web
('107', '8'),  -- Adrien Boiret teaches Architecture des Ordinateurs
('108', '9'),  -- Emile Ferere teaches Securite Informatique
('109', '10'), -- Sara Taki teaches Big Data
('110', '11'), -- Laurent Vaulkan teaches Machine Learning
('111', '12'), -- Yasmine Hayder teaches Blockchain
('112', '13'), -- Sabine Fritella teaches Internet des Objets
('113', '14'), -- Herve Duclos teaches Cloud Computing
('114', '15'), -- Anne-Marie Cornec teaches Systemes Distribues
('115', '16'), -- Ariana Grande teaches Programmation Java
('116', '17'), -- Xavier Butel teaches Programmation C++
('117', '18'), -- Charlene Jojon teaches Developpement Mobile
('119', '19'), -- Lucas Durand teaches Analyse de Donnees
('120', '20'), -- Marie Vanhoenacker teaches Cryptographie
('121', '21'), -- Hugo Martinez teaches DevOps
('122', '22'), -- Claire Dupont teaches Test Logiciel
('123', '23'), -- Maxime Lefebvre teaches Interface Utilisateur
('124', '24'), -- Sophie Richard teaches Developpement d'Applications Reactives
('125', '25'), -- Matthieu Meyer teaches Virtualisation et Containers
('126', '26'), -- Laura Benoit teaches Administration Systeme
('127', '27'), -- Nicolas Clement teaches Gestion de Projet Agile
('128', '28'), -- Julia Martin teaches Data Mining
('100', '29'), -- Jeremy Briffaut teaches Scripting Python
('101', '30'), -- Vincent Hugot teaches Integration Continue
('102', '31'), -- Pascal Berthome teaches Developpement d'API REST
('103', '32'), -- Cedric Eichler teaches Gestion de Version (Git)
('104', '33'), -- Ahmad Adell teaches Systeme de Gestion de Contenu (CMS)
('105', '34'), -- Helene Laurent teaches Modelisation UML
('106', '35'), -- Benjamin Nguyen teaches Mathematiques pour l'Informatique
('107', '36'), -- Adrien Boiret teaches Programmation Oriente Objet
('108', '37'), -- Emile Ferere teaches Programmation Web Full Stack
('109', '38'), -- Sara Taki teaches Developpement de Jeux Video
('110', '39'), -- Laurent Vaulkan teaches Reflexion Algorithmique
('118', '40'); -- Vincent Maki teaches Anglais

-- Assign each student (stu_id 1 to 65) to at least 5 subjects and give them random notes

INSERT INTO `Cours_info` (`stu_id`, `matier_id`, `note`) VALUES
('1', '1', '18'), ('1', '5', '16'), ('1', '10', '12'), ('1', '15', '14'), ('1', '20', '19'),
('2', '2', '10'), ('2', '7', '11'), ('2', '12', '15'), ('2', '18', '13'), ('2', '25', '9'),
('3', '3', '20'), ('3', '8', '17'), ('3', '13', '16'), ('3', '19', '19'), ('3', '24', '14'),
('4', '4', '13'), ('4', '9', '18'), ('4', '14', '10'), ('4', '21', '11'), ('4', '28', '12'),
('5', '5', '15'), ('5', '6', '14'), ('5', '11', '13'), ('5', '16', '16'), ('5', '22', '17'),
('6', '1', '18'), ('6', '2', '16'), ('6', '9', '15'), ('6', '14', '19'), ('6', '27', '14'),
('7', '3', '12'), ('7', '4', '13'), ('7', '10', '14'), ('7', '11', '15'), ('7', '32', '19'),
('8', '8', '17'), ('8', '13', '16'), ('8', '16', '14'), ('8', '20', '15'), ('8', '25', '10'),
('9', '9', '19'), ('9', '11', '18'), ('9', '18', '16'), ('9', '23', '14'), ('9', '39', '17'),
('10', '5', '14'), ('10', '8', '12'), ('10', '12', '13'), ('10', '18', '16'), ('10', '28', '18'),
('11', '6', '17'), ('11', '13', '19'), ('11', '14', '15'), ('11', '21', '13'), ('11', '34', '10'),
('12', '7', '13'), ('12', '9', '14'), ('12', '14', '16'), ('12', '25', '12'), ('12', '30', '11'),
('13', '10', '14'), ('13', '12', '15'), ('13', '17', '17'), ('13', '26', '16'), ('13', '32', '13'),
('14', '8', '16'), ('14', '14', '13'), ('14', '19', '14'), ('14', '24', '19'), ('14', '31', '15'),
('15', '9', '18'), ('15', '10', '17'), ('15', '15', '15'), ('15', '20', '16'), ('15', '23', '13'),
('16', '11', '19'), ('16', '14', '18'), ('16', '18', '17'), ('16', '22', '14'), ('16', '28', '20'),
('17', '3', '15'), ('17', '7', '12'), ('17', '10', '13'), ('17', '13', '14'), ('17', '17', '11'),
('18', '12', '13'), ('18', '16', '11'), ('18', '18', '14'), ('18', '19', '15'), ('18', '22', '12'),
('19', '14', '16'), ('19', '15', '19'), ('19', '18', '20'), ('19', '21', '18'), ('19', '32', '17'),
('20', '1', '14'), ('20', '4', '13'), ('20', '9', '11'), ('20', '19', '12'), ('20', '23', '10'),
('21', '6', '17'), ('21', '8', '18'), ('21', '10', '16'), ('21', '19', '15'), ('21', '30', '14'),
('22', '7', '16'), ('22', '14', '19'), ('22', '15', '13'), ('22', '20', '14'), ('22', '26', '17'),
('23', '1', '19'), ('23', '5', '17'), ('23', '6', '20'), ('23', '16', '14'), ('23', '25', '18'),
('24', '9', '12'), ('24', '13', '14'), ('24', '20', '11'), ('24', '22', '14'), ('24', '33', '16'),
('25', '2', '18'), ('25', '4', '19'), ('25', '10', '17'), ('25', '19', '16'), ('25', '28', '14'),
('26', '15', '14'), ('26', '11', '13'), ('26', '9', '16'), ('26', '14', '17'), ('26', '33', '15'),
('27', '2', '16'), ('27', '3', '19'), ('27', '5', '15'), ('27', '16', '14'), ('27', '31', '13'),
('28', '1', '18'), ('28', '4', '15'), ('28', '14', '17'), ('28', '12', '14'), ('28', '19', '16'),
('29', '6', '20'), ('29', '9', '19'), ('29', '17', '17'), ('29', '25', '14'), ('29', '38', '13'),
('30', '7', '16'), ('30', '8', '15'), ('30', '14', '13'), ('30', '18', '19'), ('30', '21', '17'),
('31', '10', '14'), ('31', '3', '16'), ('31', '15', '18'), ('31', '26', '13'), ('31', '31', '17'),
('32', '9', '16'), ('32', '12', '18'), ('32', '14', '15'), ('32', '20', '13'), ('32', '24', '14'),
('33', '3', '13'), ('33', '7', '14'), ('33', '11', '18'), ('33', '18', '17'), ('33', '22', '15'),
('34', '6', '16'), ('34', '10', '19'), ('34', '17', '14'), ('34', '22', '15'), ('34', '27', '12'),
('35', '1', '19'), ('35', '9', '17'), ('35', '14', '16'), ('35', '19', '15'), ('35', '23', '20'),
('36', '4', '13'), ('36', '8', '14'), ('36', '15', '16'), ('36', '18', '12'), ('36', '30', '14'),
('37', '6', '15'), ('37', '8', '17'), ('37', '14', '18'), ('37', '16', '20'), ('37', '29', '13'),
('38', '5', '14'), ('38', '9', '19'), ('38', '10', '12'), ('38', '12', '15'), ('38', '23', '17'),
('39', '2', '13'), ('39', '4', '16'), ('39', '11', '18'), ('39', '15', '17'), ('39', '22', '13'),
('40', '7', '17'), ('40', '8', '16'), ('40', '12', '14'), ('40', '17', '18'), ('40', '24', '19'),
('41', '5', '14'), ('41', '6', '15'), ('41', '19', '20'), ('41', '20', '17'), ('41', '30', '14'),
('42', '1', '17'), ('42', '2', '18'), ('42', '5', '15'), ('42', '11', '12'), ('42', '26', '13'),
('43', '9', '14'), ('43', '12', '19'), ('43', '19', '17'), ('43', '24', '16'), ('43', '28', '18'),
('44', '3', '20'), ('44', '13', '18'), ('44', '25', '14'), ('44', '30', '15'), ('44', '38', '17'),
('45', '6', '19'), ('45', '7', '14'), ('45', '15', '18'), ('45', '19', '17'), ('45', '26', '14'),
('46', '9', '16'), ('46', '11', '13'), ('46', '18', '12'), ('46', '19', '15'), ('46', '24', '17'),
('47', '2', '18'), ('47', '5', '16'), ('47', '13', '20'), ('47', '14', '17'), ('47', '21', '13'),
('48', '7', '14'), ('48', '10', '18'), ('48', '16', '17'), ('48', '20', '19'), ('48', '26', '16'),
('49', '8', '14'), ('49', '14', '13'), ('49', '22', '16'), ('49', '31', '18'), ('49', '38', '12'),
('50', '1', '15'), ('50', '3', '13'), ('50', '11', '14'), ('50', '12', '19'), ('50', '16', '16'),
('51', '2', '16'), ('51', '5', '17'), ('51', '19', '18'), ('51', '23', '14'), ('51', '34', '13'),
('52', '6', '17'), ('52', '9', '19'), ('52', '12', '14'), ('52', '20', '15'), ('52', '33', '18'),
('53', '4', '13'), ('53', '8', '14'), ('53', '13', '16'), ('53', '17', '18'), ('53', '24', '15'),
('54', '5', '16'), ('54', '11', '17'), ('54', '15', '14'), ('54', '20', '13'), ('54', '30', '18'),
('55', '2', '14'), ('55', '7', '19'), ('55', '10', '16'), ('55', '13', '14'), ('55', '28', '12'),
('56', '3', '18'), ('56', '5', '17'), ('56', '13', '15'), ('56', '17', '14'), ('56', '19', '16'),
('57', '4', '15'), ('57', '8', '19'), ('57', '14', '12'), ('57', '22', '17'), ('57', '30', '14'),
('58', '1', '14'), ('58', '9', '15'), ('58', '16', '14'), ('58', '18', '17'), ('58', '32', '12'),
('59', '6', '13'), ('59', '11', '19'), ('59', '15', '14'), ('59', '22', '17'), ('59', '39', '16'),
('60', '5', '14'), ('60', '12', '16'), ('60', '18', '15'), ('60', '24', '13'), ('60', '26', '17'),
('61', '3', '15'), ('61', '7', '13'), ('61', '14', '16'), ('61', '22', '17'), ('61', '30', '14'),
('62', '2', '14'), ('62', '12', '19'), ('62', '16', '13'), ('62', '26', '16'), ('62', '28', '14'),
('63', '1', '15'), ('63', '4', '18'), ('63', '10', '16'), ('63', '13', '17'), ('63', '23', '19'),
('64', '6', '13'), ('64', '14', '15'), ('64', '20', '16'), ('64', '25', '14'), ('64', '32', '17'),
('65', '7', '19'), ('65', '13', '14'), ('65', '19', '15'), ('65', '21', '18'), ('65', '26', '12');


INSERT INTO `Posts` (`post_id`, `author_id`, `title`, `content`, `image_path`, `date`) VALUES ('1', '107', 'Evolving world of Big Data', 'Very rapidly', 'image.jpg', '2025-01-22');

INSERT INTO `Posts` (`post_id`, `author_id`, `title`, `content`, `image_path`, `date`) VALUES
('2', '108', 'Network Security Discussion', 'It is very interesting.', 'image1.jpg', '2025-01-22'),
('3', '109', 'Cyber Security Trends', 'Cyber security is evolving rapidly.', 'image2.jpg', '2025-01-22'),
('4', '110', 'Data Privacy in the Cloud', 'How data privacy is ensured in cloud services?', 'image3.jpg', '2025-01-22'),
('5', '111', 'Firewall Configuration Best Practices', 'Setting up a firewall is crucial for network protection.', 'image4.jpg', '2025-01-22'),
('6', '112', 'Encryption Algorithms for Secure Communication', 'Exploring the most reliable encryption methods.', 'image5.jpg', '2025-01-22'),
('7', '113', 'Authentication Mechanisms in Web Applications', 'What are the best practices for user authentication?', 'image6.jpg', '2025-01-22'),
('8', '114', 'Risk Management in IT Security', 'A well-structured risk management plan is essential.', 'image7.jpg', '2025-01-22'),
('9', '115', 'Network Protocols and Their Vulnerabilities', 'Which network protocols are most vulnerable to attacks?', 'image8.jpg', '2025-01-22'),
('10', '116', 'Secure Software Development Life Cycle', 'Ensuring security at every stage of software development.', 'image9.jpg', '2025-01-22'),
('11', '117', 'Phishing Attacks: Prevention and Detection', 'How to protect against phishing attacks?', 'image10.jpg', '2025-01-22');


INSERT INTO `Cmt_post` (`cmt_id`, `author_id`, `post_id`, `content`, `date`) VALUES
(NULL, '2', '1', 'This is really helpful, thank you!', '2025-01-22'),
(NULL, '3', '2', 'Interesting insights on cyber security!', '2025-01-22'),
(NULL, '4', '3', 'Great read, looking forward to more posts on this topic!', '2025-01-22'),
(NULL, '5', '4', 'I have been using cloud services, this was an eye-opener.', '2025-01-22'),
(NULL, '6', '5', 'Firewall configuration is so crucial, I learned a lot from this.', '2025-01-22'),
(NULL, '7', '6', 'Encryption methods are fascinating! Thanks for sharing this post.', '2025-01-22'),
(NULL, '8', '7', 'Authentication practices are key to security, great article!', '2025-01-22'),
(NULL, '9', '8', 'Risk management is a challenge, but so necessary.', '2025-01-22'),
(NULL, '10', '9', 'I’ve been reading about network protocols, great overview!', '2025-01-22'),
(NULL, '11', '10', 'Secure SDLC is the future, thanks for this information.', '2025-01-22'),
(NULL, '12', '1', 'I didn’t realize how important network security is until now.', '2025-01-22'),
(NULL, '13', '2', 'Cyber security is evolving at a fast pace, exciting times ahead!', '2025-01-22'),
(NULL, '14', '3', 'Data privacy in the cloud is a big concern for many businesses.', '2025-01-22'),
(NULL, '15', '4', 'I would love to see more posts about firewall configuration!', '2025-01-22'),
(NULL, '16', '5', 'Encryption is the key to protecting communication in modern times.', '2025-01-22'),
(NULL, '17', '6', 'Web application authentication is always tricky, thanks for sharing tips.', '2025-01-22'),
(NULL, '18', '7', 'Great post! Risk management is often overlooked.', '2025-01-22'),
(NULL, '19', '8', 'Networking protocols are essential but often overlooked in security discussions.', '2025-01-22'),
(NULL, '20', '9', 'Secure SDLC is often an afterthought in many companies, this was insightful.', '2025-01-22'),
(NULL, '21', '10', 'Phishing attacks continue to be a major threat, we need better protection.', '2025-01-22'),
(NULL, '22', '2', 'The article gave me a lot to think about regarding encryption.', '2025-01-22'),
(NULL, '23', '3', 'Thank you for these great insights on authentication mechanisms.', '2025-01-22'),
(NULL, '24', '4', 'I’ve heard a lot about firewall configuration, this was a useful guide.', '2025-01-22'),
(NULL, '25', '5', 'Thanks for sharing these encryption algorithms, I will definitely use them.', '2025-01-22'),
(NULL, '26', '6', 'It’s good to see more posts on secure coding practices, keep it up!', '2025-01-22'),
(NULL, '27', '7', 'Authentication is a critical part of security, interesting post!', '2025-01-22'),
(NULL, '28', '8', 'Risk management really needs to be addressed more in IT security.', '2025-01-22'),
(NULL, '29', '9', 'Networking vulnerabilities are scary, we need more awareness.', '2025-01-22'),
(NULL, '30', '10', 'Great article! I’ll share this with my team.', '2025-01-22'),
(NULL, '31', '1', 'This is an excellent resource, I’ll be coming back to it!', '2025-01-22'),
(NULL, '32', '2', 'I need to dive deeper into cyber security after reading this post.', '2025-01-22'),
(NULL, '33', '3', 'This post really opened my eyes to the importance of data privacy.', '2025-01-22'),
(NULL, '34', '4', 'Firewall setup is very important for network protection, thank you for the post.', '2025-01-22'),
(NULL, '35', '5', 'Encryption algorithms are the future, interesting to learn more about them.', '2025-01-22'),
(NULL, '36', '6', 'I’ve been implementing some of these secure software practices, really helpful post.', '2025-01-22'),
(NULL, '37', '7', 'Authentication needs constant improvement to stay ahead of attackers.', '2025-01-22'),
(NULL, '38', '8', 'Interesting take on risk management, more companies need to adopt it.', '2025-01-22'),
(NULL, '39', '9', 'This makes me want to explore the different network protocols more in-depth.', '2025-01-22'),
(NULL, '40', '10', 'The importance of secure software development cannot be overstated!', '2025-01-22'),
(NULL, '41', '2', 'Phishing attacks are a major concern for many, thanks for shedding light on this topic.', '2025-01-22'),
(NULL, '42', '3', 'The trends in cyber security are constantly shifting, it’s exciting!', '2025-01-22'),
(NULL, '43', '4', 'Data privacy in the cloud is a hot topic, keep posting more about it!', '2025-01-22'),
(NULL, '44', '5', 'Firewall configuration best practices are critical in securing any network.', '2025-01-22'),
(NULL, '45', '6', 'Great to see encryption methods discussed in-depth, very insightful!', '2025-01-22');
